{
    "name": "root",
    "gauges": {
        "WonderAgentHealing.Policy.Entropy.mean": {
            "value": 1.3971920013427734,
            "min": 1.3971920013427734,
            "max": 1.4189382791519165,
            "count": 50
        },
        "WonderAgentHealing.Policy.Entropy.sum": {
            "value": 14038.9853515625,
            "min": 13167.1611328125,
            "max": 14831.26171875,
            "count": 50
        },
        "WonderAgentHealing.Step.mean": {
            "value": 499995.0,
            "min": 9947.0,
            "max": 499995.0,
            "count": 50
        },
        "WonderAgentHealing.Step.sum": {
            "value": 499995.0,
            "min": 9947.0,
            "max": 499995.0,
            "count": 50
        },
        "WonderAgentHealing.Policy.ExtrinsicValueEstimate.mean": {
            "value": -0.007043241523206234,
            "min": -1.8310750722885132,
            "max": -0.006902481894940138,
            "count": 50
        },
        "WonderAgentHealing.Policy.ExtrinsicValueEstimate.sum": {
            "value": -1.1269186735153198,
            "min": -292.9720153808594,
            "max": -1.0974946022033691,
            "count": 50
        },
        "WonderAgentHealing.Environment.EpisodeLength.mean": {
            "value": 499.0,
            "min": 474.94117647058823,
            "max": 499.0,
            "count": 50
        },
        "WonderAgentHealing.Environment.EpisodeLength.sum": {
            "value": 7984.0,
            "min": 7984.0,
            "max": 15469.0,
            "count": 50
        },
        "WonderAgentHealing.Environment.CumulativeReward.mean": {
            "value": -0.009062500525033101,
            "min": -0.061764706939677984,
            "max": 0.04093749957974069,
            "count": 50
        },
        "WonderAgentHealing.Environment.CumulativeReward.sum": {
            "value": -0.14500000840052962,
            "min": -1.0500000179745257,
            "max": 0.654999993275851,
            "count": 50
        },
        "WonderAgentHealing.Policy.ExtrinsicReward.mean": {
            "value": -0.009062500525033101,
            "min": -0.061764706939677984,
            "max": 0.04093749957974069,
            "count": 50
        },
        "WonderAgentHealing.Policy.ExtrinsicReward.sum": {
            "value": -0.14500000840052962,
            "min": -1.0500000179745257,
            "max": 0.654999993275851,
            "count": 50
        },
        "WonderAgentHealing.IsTraining.mean": {
            "value": 1.0,
            "min": 1.0,
            "max": 1.0,
            "count": 50
        },
        "WonderAgentHealing.IsTraining.sum": {
            "value": 1.0,
            "min": 1.0,
            "max": 1.0,
            "count": 50
        },
        "WonderAgentHealing.Losses.PolicyLoss.mean": {
            "value": 0.01345646175808118,
            "min": 0.013355203627725132,
            "max": 0.021676476874078313,
            "count": 23
        },
        "WonderAgentHealing.Losses.PolicyLoss.sum": {
            "value": 0.01345646175808118,
            "min": 0.013355203627725132,
            "max": 0.021676476874078313,
            "count": 23
        },
        "WonderAgentHealing.Losses.ValueLoss.mean": {
            "value": 0.0005426618047446633,
            "min": 0.0004878161310140664,
            "max": 0.3989911377429962,
            "count": 23
        },
        "WonderAgentHealing.Losses.ValueLoss.sum": {
            "value": 0.0005426618047446633,
            "min": 0.0004878161310140664,
            "max": 0.3989911377429962,
            "count": 23
        },
        "WonderAgentHealing.Policy.LearningRate.mean": {
            "value": 1.0179096607000001e-05,
            "min": 1.0179096607000001e-05,
            "max": 0.0002873502042166,
            "count": 23
        },
        "WonderAgentHealing.Policy.LearningRate.sum": {
            "value": 1.0179096607000001e-05,
            "min": 1.0179096607000001e-05,
            "max": 0.0002873502042166,
            "count": 23
        },
        "WonderAgentHealing.Policy.Epsilon.mean": {
            "value": 0.10339300000000003,
            "min": 0.10339300000000003,
            "max": 0.19578339999999994,
            "count": 23
        },
        "WonderAgentHealing.Policy.Epsilon.sum": {
            "value": 0.10339300000000003,
            "min": 0.10339300000000003,
            "max": 0.19578339999999994,
            "count": 23
        },
        "WonderAgentHealing.Policy.Beta.mean": {
            "value": 2.6625699999999998e-05,
            "min": 2.6625699999999998e-05,
            "max": 0.00047933866,
            "count": 23
        },
        "WonderAgentHealing.Policy.Beta.sum": {
            "value": 2.6625699999999998e-05,
            "min": 2.6625699999999998e-05,
            "max": 0.00047933866,
            "count": 23
        }
    },
    "metadata": {
        "timer_format_version": "0.1.0",
        "start_time_seconds": "1636986715",
        "python_version": "3.7.11 (default, Jul 27 2021, 09:42:29) [MSC v.1916 64 bit (AMD64)]",
        "command_line_arguments": "C:\\Users\\guilh\\anaconda3\\envs\\ml_agents_r10\\Scripts\\mlagents-learn config/ppo/WonderAgentHealing.yaml --run-id=wonderAgent01 --force",
        "mlagents_version": "0.27.0",
        "mlagents_envs_version": "0.27.0",
        "communication_protocol_version": "1.5.0",
        "pytorch_version": "1.7.0+cu110",
        "numpy_version": "1.18.5",
        "end_time_seconds": "1636987906"
    },
    "total": 1190.2971027,
    "count": 1,
    "self": 0.014043500000070708,
    "children": {
        "run_training.setup": {
            "total": 0.11965970000000015,
            "count": 1,
            "self": 0.11965970000000015
        },
        "TrainerController.start_learning": {
            "total": 1190.1633995,
            "count": 1,
            "self": 0.9831742999988364,
            "children": {
                "TrainerController._reset_env": {
                    "total": 9.3941147,
                    "count": 1,
                    "self": 9.3941147
                },
                "TrainerController.advance": {
                    "total": 1179.7081509000009,
                    "count": 31318,
                    "self": 1.0464946000256532,
                    "children": {
                        "env_step": {
                            "total": 986.135735199985,
                            "count": 31318,
                            "self": 942.3984272000054,
                            "children": {
                                "SubprocessEnvManager._take_step": {
                                    "total": 43.034573099985124,
                                    "count": 31318,
                                    "self": 3.1733905999887355,
                                    "children": {
                                        "TorchPolicy.evaluate": {
                                            "total": 39.86118249999639,
                                            "count": 31256,
                                            "self": 7.364362299986084,
                                            "children": {
                                                "TorchPolicy.sample_actions": {
                                                    "total": 32.496820200010305,
                                                    "count": 31256,
                                                    "self": 32.496820200010305
                                                }
                                            }
                                        }
                                    }
                                },
                                "workers": {
                                    "total": 0.7027348999945477,
                                    "count": 31318,
                                    "self": 0.0,