{"count":1,"self":808.480768,"total":1775.9974187,"children":{"InitializeActuators":{"count":16,"self":0.0039974,"total":0.0039974,"children":null},"InitializeSensors":{"count":16,"self":0.0049828,"total":0.0049828,"children":null},"AgentSendState":{"count":335534,"self":157.4909568,"total":232.30003889999998,"children":{"CollectObservations":{"count":536864,"self":4.8069216,"total":4.8069213999999993,"children":null},"WriteActionMask":{"count":536864,"self":2.967308,"total":2.9673081,"children":null},"RequestDecision":{"count":536864,"self":10.286360799999999,"total":67.0348492,"children":{"AgentInfo.ToProto":{"count":536864,"self":8.5180072,"total":56.748488699999996,"children":{"GenerateSensorData":{"count":536864,"self":38.728767999999995,"total":48.2304817,"children":{"RayPerceptionSensor.Perceive":{"count":536864,"self":9.5017136,"total":9.5017137,"children":null}}}}}}}}},"DecideAction":{"count":335534,"self":604.02268159999994,"total":604.0226801,"children":null},"AgentAct":{"count":335534,"self":130.98926079999998,"total":131.1739714,"children":{"AgentInfo.ToProto":{"count":1156,"self":0.038992399999999997,"total":0.184713,"children":{"GenerateSensorData":{"count":1156,"self":0.11873919999999999,"total":0.1457206,"children":{"RayPerceptionSensor.Perceive":{"count":1156,"self":0.0269814,"total":0.0269814,"children":null}}}}}}},"AgentInfo.ToProto":{"count":45,"self":0.0009994,"total":0.0099965,"children":{"GenerateSensorData":{"count":45,"self":0.0059981999999999995,"total":0.0089971,"children":{"RayPerceptionSensor.Perceive":{"count":45,"self":0.0029988999999999997,"total":0.0029988999999999997,"children":null}}}}}},"gauges":{"WonderAgentHealing.CumulativeReward":{"count":1201,"max":10.0000019,"min":-7.799995,"runningAverage":8.22365,"value":9.900002,"weightedAverage":9.961225}},"metadata":{"timer_format_version":"0.1.0","start_time_seconds":"1637015349","unity_version":"2020.3.16f1","command_line_arguments":"C:\\Program Files\\Unity\\Hub\\Editor\\2020.3.16f1\\Editor\\Unity.exe -projectpath C:\/Users\/guilh\/OneDrive\/GitHub\/Unity\/TillDeathDoUsApart -useHub -hubIPC -cloudEnvironment production -hubSessionId 53161ff0-4611-11ec-8d1d-5fe77ede329d -accessToken 3eM75sBKin1SI3aajdYIx1spMbuyL2RAAS3wh3EzlhM004f","communication_protocol_version":"1.5.0","com.unity.ml-agents_version":"2.1.0-exp.1","scene_name":"ML_Agent_Training","end_time_seconds":"1637017125"}}