{
    "name": "root",
    "gauges": {
        "WonderAgentHealing.Policy.Entropy.mean": {
            "value": 1.3926604986190796,
            "min": 1.3926604986190796,
            "max": 1.4189382791519165,
            "count": 50
        },
        "WonderAgentHealing.Policy.Entropy.sum": {
            "value": 13726.0615234375,
            "min": 13726.0615234375,
            "max": 14961.28515625,
            "count": 50
        },
        "WonderAgentHealing.Step.mean": {
            "value": 499987.0,
            "min": 9985.0,
            "max": 499987.0,
            "count": 50
        },
        "WonderAgentHealing.Step.sum": {
            "value": 499987.0,
            "min": 9985.0,
            "max": 499987.0,
            "count": 50
        },
        "WonderAgentHealing.Policy.ExtrinsicValueEstimate.mean": {
            "value": 1.9430325031280518,
            "min": -0.05532670021057129,
            "max": 1.9430325031280518,
            "count": 50
        },
        "WonderAgentHealing.Policy.ExtrinsicValueEstimate.sum": {
            "value": 310.88519287109375,
            "min": -9.350212097167969,
            "max": 310.88519287109375,
            "count": 50
        },
        "WonderAgentHealing.Environment.EpisodeLength.mean": {
            "value": 499.0,
            "min": 175.5151515151515,
            "max": 499.0,
            "count": 50
        },
        "WonderAgentHealing.Environment.EpisodeLength.sum": {
            "value": 9481.0,
            "min": 5792.0,
            "max": 11977.0,
            "count": 50
        },
        "WonderAgentHealing.Environment.CumulativeReward.mean": {
            "value": 9.857895167250382,
            "min": 2.4696969972415403,
            "max": 9.857895167250382,
            "count": 50
        },
        "WonderAgentHealing.Environment.CumulativeReward.sum": {
            "value": 187.30000817775726,
            "min": 81.50000090897083,
            "max": 215.50000894069672,
            "count": 50
        },
        "WonderAgentHealing.Policy.ExtrinsicReward.mean": {
            "value": 9.857895167250382,
            "min": 2.4696969972415403,
            "max": 9.857895167250382,
            "count": 50
        },
        "WonderAgentHealing.Policy.ExtrinsicReward.sum": {
            "value": 187.30000817775726,
            "min": 81.50000090897083,
            "max": 215.50000894069672,
            "count": 50
        },
        "WonderAgentHealing.IsTraining.mean": {
            "value": 1.0,
            "min": 1.0,
            "max": 1.0,
            "count": 50
        },
        "WonderAgentHealing.IsTraining.sum": {
            "value": 1.0,
            "min": 1.0,
            "max": 1.0,
            "count": 50
        },
        "WonderAgentHealing.Losses.PolicyLoss.mean": {
            "value": 0.01676135471595141,
            "min": 0.00950871651681761,
            "max": 0.021571083964469533,
            "count": 24
        },
        "WonderAgentHealing.Losses.PolicyLoss.sum": {
            "value": 0.01676135471595141,
            "min": 0.00950871651681761,
            "max": 0.021571083964469533,
            "count": 24
        },
        "WonderAgentHealing.Losses.ValueLoss.mean": {
            "value": 0.0013804509847735365,
            "min": 0.0013804509847735365,
            "max": 0.09324494923154512,
            "count": 24
        },
        "WonderAgentHealing.Losses.ValueLoss.sum": {
            "value": 0.0013804509847735365,
            "min": 0.0013804509847735365,
            "max": 0.09324494923154512,
            "count": 24
        },
        "WonderAgentHealing.Policy.LearningRate.mean": {
            "value": 4.452698515800006e-06,
            "min": 4.452698515800006e-06,
            "max": 0.0002876904041032,
            "count": 24
        },
        "WonderAgentHealing.Policy.LearningRate.sum": {
            "value": 4.452698515800006e-06,
            "min": 4.452698515800006e-06,
            "max": 0.0002876904041032,
            "count": 24
        },
        "WonderAgentHealing.Policy.Epsilon.mean": {
            "value": 0.10148419999999997,
            "min": 0.10148419999999997,
            "max": 0.19589679999999998,
            "count": 24
        },
        "WonderAgentHealing.Policy.Epsilon.sum": {
            "value": 0.10148419999999997,
            "min": 0.10148419999999997,
            "max": 0.19589679999999998,
            "count": 24
        },
        "WonderAgentHealing.Policy.Beta.mean": {
            "value": 1.7272580000000007e-05,
            "min": 1.7272580000000007e-05,
            "max": 0.0004798943200000001,
            "count": 24
        },
        "WonderAgentHealing.Policy.Beta.sum": {
            "value": 1.7272580000000007e-05,
            "min": 1.7272580000000007e-05,
            "max": 0.0004798943200000001,
            "count": 24
        }
    },
    "metadata": {
        "timer_format_version": "0.1.0",
        "start_time_seconds": "1637004092",
        "python_version": "3.7.11 (default, Jul 27 2021, 09:42:29) [MSC v.1916 64 bit (AMD64)]",
        "command_line_arguments": "C:\\Users\\guilh\\anaconda3\\envs\\ml_agents_r10\\Scripts\\mlagents-learn config/ppo/WonderAgentHealing.yaml --run-id=wonderAgent02 --force",
        "mlagents_version": "0.27.0",
        "mlagents_envs_version": "0.27.0",
        "communication_protocol_version": "1.5.0",
        "pytorch_version": "1.7.0+cu110",
        "numpy_version": "1.18.5",
        "end_time_seconds": "1637005392"
    },
    "total": 1300.407244,
    "count": 1,
    "self": 0.016824600000063583,
    "children": {
        "run_training.setup": {
            "total": 0.11317809999999984,
            "count": 1,
            "self": 0.11317809999999984
        },
        "TrainerController.start_learning": {
            "total": 1300.2772413,
            "count": 1,
            "self": 1.1372212000037507,
            "children": {
                "TrainerController._reset_env": {
                    "total": 48.285117,
                    "count": 1,
                    "self": 48.285117
                },
                "TrainerController.advance": {
                    "total": 1250.7303041999965,
                    "count": 32350,
                    "self": 1.1707252999988214,
                    "children": {
                        "env_step": {
                            "total": 1046.0604764999905,
                            "count": 32350,
                            "self": 1004.0221815999809,
                            "children": {
                                "SubprocessEnvManager._take_step": {
                                    "total": 41.300304300007056,
                                    "count": 32350,
                                    "self": 3.2190491999962276,
                                    "children": {
                                        "TorchPolicy.evaluate": {
                                            "total": 38.08125510001083,
                                            "count": 31275,
                                            "self": 7.264601400015245,
                                            "children": {
                                                "TorchPolicy.sample_actions": {
                                                    "total": 30.816653699995584,
                                                    "count": 31275,
                                                    "self": 30.816653699995584
                                                }
                                            }
                                        }
                                    }
                                },
                                "workers": {
                                    "total": 0.7379906000025471,
                                    "count": 32350,
                                    "self": 0.0,